id,first_name,last_name,email,gender,ip_address
1,Elysha,Collinwood,ecollinwood0@dell.com,Female,109.20.134.105
2,Spenser,Spragg,sspragg1@ox.ac.uk,Male,201.207.28.140
3,Cristionna,Stansbie,cstansbie2@studiopress.com,Female,62.36.171.174
4,Carlie,Saiger,csaiger3@bbc.co.uk,Male,55.120.27.97
5,Jacklin,Carletti,jcarletti4@twitter.com,Female,47.239.26.144
6,Malchy,Filippov,mfilippov5@thetimes.co.uk,Male,36.85.153.197
7,Tanitansy,Woodroffe,twoodroffe6@bbc.co.uk,Female,162.108.63.211
8,Harper,Napleton,hnapleton7@imgur.com,Male,200.113.31.210
9,Quintin,Saunton,qsaunton8@examiner.com,Male,27.54.81.228
10,Ninnetta,Rymell,nrymell9@hc360.com,Female,1.169.209.215
11,Noelani,Roberts,nrobertsa@booking.com,Female,130.239.196.15
12,Annadiana,Maden,amadenb@forbes.com,Female,158.159.173.36
13,Shurlocke,Castellani,scastellanic@fc2.com,Male,198.44.215.220
14,Clemence,Poland,cpolandd@comcast.net,Female,97.99.88.114
15,Reyna,Hubbock,rhubbocke@mozilla.org,Female,163.109.71.226
16,Edik,Mozzetti,emozzettif@domainmarket.com,Male,72.72.125.6
17,Adolpho,Rubinowitsch,arubinowitschg@delicious.com,Male,228.247.25.74
18,Stanly,Careless,scarelessh@admin.ch,Male,22.234.92.66
19,Cherey,Shank,cshanki@wp.com,Female,147.82.91.251
20,Mickie,Stute,mstutej@hc360.com,Male,243.86.47.186
21,Ashia,Dallison,adallisonk@ft.com,Female,115.149.28.121
22,Kayley,Dabling,kdablingl@gnu.org,Female,74.241.25.217
23,Korney,Klimmek,kklimmekm@comsenz.com,Female,124.36.227.175
24,Woody,Kline,wklinen@fastcompany.com,Male,36.223.52.235
25,Mommy,Scoffham,mscoffhamo@umich.edu,Female,169.187.85.189
26,Onofredo,Rieger,oriegerp@exblog.jp,Male,159.181.191.140
27,Brodie,Oxberry,boxberryq@goo.ne.jp,Male,35.70.24.235
28,Cyril,Bennington,cbenningtonr@linkedin.com,Male,230.78.179.230
29,Kristofor,Gentric,kgentrics@ebay.co.uk,Male,251.1.33.69
30,Mirna,MacNish,mmacnisht@earthlink.net,Female,2.52.16.75
31,Malachi,Wolfendale,mwolfendaleu@tripod.com,Male,12.146.1.127
32,Bryana,Oliphant,boliphantv@loc.gov,Female,15.31.120.213
33,Carl,Cutler,ccutlerw@clickbank.net,Male,220.127.183.120
34,Kristal,Pilpovic,kpilpovicx@de.vu,Female,153.174.140.186
35,Roxie,January,rjanuaryy@ning.com,Female,175.41.68.181
36,Arlana,Kentish,akentishz@twitter.com,Female,37.119.14.187
37,Daphna,Comerford,dcomerford10@slate.com,Female,42.185.247.192
38,Candice,Aldcorn,caldcorn11@sohu.com,Female,235.225.232.90
39,Ward,Enderson,wenderson12@uol.com.br,Male,188.98.254.108
40,Brandtr,Crolla,bcrolla13@arizona.edu,Male,251.19.139.60
41,Steven,Blagdon,sblagdon14@baidu.com,Male,61.16.134.107
42,Lauritz,Sheehan,lsheehan15@admin.ch,Male,246.144.202.144
43,Chlo,Perillo,cperillo16@marriott.com,Female,198.143.21.145
44,Carmine,Duckering,cduckering17@ox.ac.uk,Female,155.32.122.81
45,Ambur,Oakhill,aoakhill18@rambler.ru,Female,238.179.191.174
46,Nils,Ragate,nragate19@elpais.com,Male,249.250.96.50
47,Eddi,Rogier,erogier1a@umn.edu,Female,147.202.244.245
48,Kenn,Beavors,kbeavors1b@taobao.com,Male,82.177.153.138
49,Olag,Kidde,okidde1c@digg.com,Male,216.225.174.27
50,Raffarty,Flobert,rflobert1d@vistaprint.com,Male,27.57.50.163
51,Courtney,Sterricker,csterricker1e@live.com,Female,167.140.179.250
52,Arluene,Eastman,aeastman1f@nps.gov,Female,40.122.221.224
53,Jeana,Duddin,jduddin1g@epa.gov,Female,140.189.214.211
54,Sue,Dechelette,sdechelette1h@nymag.com,Female,224.151.177.18
55,Jesse,Purple,jpurple1i@acquirethisname.com,Male,216.46.67.98
56,Valerye,Mulvy,vmulvy1j@oakley.com,Female,226.165.228.109
57,Camey,Bowman,cbowman1k@mit.edu,Male,194.140.134.132
58,Aundrea,Hankinson,ahankinson1l@dedecms.com,Female,59.48.240.202
59,Ali,Fishbie,afishbie1m@1und1.de,Male,72.195.231.88
60,Mathilde,Hustings,mhustings1n@jalbum.net,Female,239.153.143.30
61,Fredericka,Sancho,fsancho1o@cnbc.com,Female,162.87.0.162
62,Cris,Clohessy,cclohessy1p@bbb.org,Male,141.131.157.160
63,Jase,Rediers,jrediers1q@businesswire.com,Male,104.179.106.76
64,Gabriele,Dudny,gdudny1r@mashable.com,Male,77.93.196.239
65,Bartolomeo,Everitt,beveritt1s@amazonaws.com,Male,85.76.163.224
66,Addia,Richemont,arichemont1t@sogou.com,Female,161.112.249.187
67,Constanta,Okenfold,cokenfold1u@patch.com,Female,213.44.219.105
68,Dalis,Albarez,dalbarez1v@webmd.com,Male,74.140.234.102
69,Curcio,Bentote,cbentote1w@altervista.org,Male,36.98.141.38
70,Dale,Hunton,dhunton1x@ft.com,Male,178.116.232.18
71,Tremayne,Heinrici,theinrici1y@cocolog-nifty.com,Male,248.107.5.10
72,Bancroft,Dace,bdace1z@kickstarter.com,Male,102.113.162.213
73,Werner,Fulun,wfulun20@reverbnation.com,Male,208.255.74.110
74,Jae,See,jsee21@dailymotion.com,Male,142.229.210.238
75,Beryl,Seamans,bseamans22@epa.gov,Female,69.208.151.220
76,Valerye,Trymme,vtrymme23@amazon.de,Female,171.156.224.211
77,Anastassia,Cawthorne,acawthorne24@prnewswire.com,Female,28.149.111.54
78,Quinn,Duns,qduns25@topsy.com,Male,161.108.241.93
79,Robbie,Milverton,rmilverton26@theguardian.com,Male,113.118.2.162
80,Mead,Brickstock,mbrickstock27@w3.org,Male,4.243.132.73
81,Leicester,Bissex,lbissex28@cargocollective.com,Male,152.11.218.235
82,Vale,Mansuer,vmansuer29@wikipedia.org,Male,43.136.83.109
83,Grayce,Poxson,gpoxson2a@timesonline.co.uk,Female,159.16.156.155
84,Bobbi,Bernardos,bbernardos2b@dedecms.com,Female,161.229.61.53
85,Rurik,Hazelden,rhazelden2c@symantec.com,Male,16.50.86.56
86,Briny,Le Lievre,blelievre2d@hostgator.com,Female,25.26.42.159
87,Carl,Seamen,cseamen2e@themeforest.net,Male,244.227.84.213
88,Skye,Snap,ssnap2f@psu.edu,Male,137.45.44.199
89,Silvan,Lghan,slghan2g@jalbum.net,Male,76.5.81.194
90,Connie,Collingridge,ccollingridge2h@archive.org,Male,187.150.135.94
91,Gretchen,Domotor,gdomotor2i@github.io,Female,138.177.195.20
92,Christiane,Melson,cmelson2j@wikipedia.org,Female,174.89.19.72
93,Casey,Johnke,cjohnke2k@vinaora.com,Female,59.202.98.21
94,Christian,Berggren,cberggren2l@fotki.com,Female,40.119.126.213
95,Jefferey,Botting,jbotting2m@bandcamp.com,Male,27.79.54.72
96,Tamas,Llewellin,tllewellin2n@youtu.be,Male,175.38.179.243
97,Brockie,Grigson,bgrigson2o@mit.edu,Male,220.195.41.108
98,Cristin,Dengel,cdengel2p@wikispaces.com,Female,14.121.103.68
99,Clo,Lorenzo,clorenzo2q@de.vu,Female,83.131.220.54
100,Eustace,McCahill,emccahill2r@123-reg.co.uk,Male,127.79.162.174
101,Guido,Peare,gpeare2s@livejournal.com,Male,42.130.69.225
102,Joscelin,Wickliffe,jwickliffe2t@1und1.de,Female,182.70.244.163
103,Arlee,Pybworth,apybworth2u@nhs.uk,Female,163.3.72.151
104,Archie,Eirwin,aeirwin2v@naver.com,Male,219.103.51.240
105,Antone,Headly,aheadly2w@usda.gov,Male,142.19.77.24
106,Symon,Dixsee,sdixsee2x@dyndns.org,Male,165.104.187.75
107,Wilie,Arghent,warghent2y@imdb.com,Female,248.152.30.220
108,Dorine,Braisted,dbraisted2z@adobe.com,Female,136.117.64.96
109,Arlene,Slarke,aslarke30@wiley.com,Female,194.234.124.139
110,Valerie,Peltz,vpeltz31@google.pl,Female,77.32.69.189
111,Ronny,Gergher,rgergher32@oracle.com,Female,96.186.87.29
112,Early,Kirvin,ekirvin33@facebook.com,Male,126.153.209.94
113,Donna,Shrimpling,dshrimpling34@google.ru,Female,63.226.206.126
114,Carlina,Shoesmith,cshoesmith35@msu.edu,Female,215.214.169.216
115,Bird,Hacksby,bhacksby36@blinklist.com,Female,107.127.210.137
116,Dee dee,Clue,dclue37@google.pl,Female,50.95.250.73
117,Bayard,Purshouse,bpurshouse38@ucoz.ru,Male,116.45.79.60
118,Morgen,Mote,mmote39@deviantart.com,Male,190.90.45.191
119,Dodie,Gorriessen,dgorriessen3a@goo.gl,Female,243.1.25.107
120,Dulcine,Ramel,dramel3b@prnewswire.com,Female,215.224.28.220
121,Emmalynn,Urlin,eurlin3c@pbs.org,Female,75.49.7.166
122,Brennen,Swalwell,bswalwell3d@miibeian.gov.cn,Male,137.127.88.102
123,Oby,Baiden,obaiden3e@mashable.com,Male,209.252.42.228
124,Jedd,Coneybeare,jconeybeare3f@nsw.gov.au,Male,144.51.247.115
125,Abey,Van Der Walt,avanderwalt3g@gnu.org,Male,210.199.84.87
126,Lammond,Valde,lvalde3h@1688.com,Male,12.65.49.47
127,Howey,Stranks,hstranks3i@ftc.gov,Male,137.70.128.28
128,Coralyn,Roddell,croddell3j@sogou.com,Female,172.232.55.39
129,Felix,Grunwald,fgrunwald3k@indiatimes.com,Male,248.178.59.8
130,Hamilton,Fabbro,hfabbro3l@mozilla.com,Male,142.168.93.147
131,Herbert,Odger,hodger3m@php.net,Male,49.166.236.129
132,Elfrieda,Moreinis,emoreinis3n@sphinn.com,Female,46.168.150.141
133,Zahara,Learmond,zlearmond3o@loc.gov,Female,165.46.20.98
134,Mommy,Benedikt,mbenedikt3p@clickbank.net,Female,95.70.0.16
135,Sara,Cordingly,scordingly3q@miitbeian.gov.cn,Female,236.100.200.187
136,Julieta,Colbeck,jcolbeck3r@macromedia.com,Female,144.4.172.164
137,Sile,McErlaine,smcerlaine3s@theglobeandmail.com,Female,172.66.211.86
138,Enrique,Curling,ecurling3t@abc.net.au,Male,132.139.110.142
139,Samuele,Banck,sbanck3u@yandex.ru,Male,232.27.105.47
140,Saidee,De Bruyn,sdebruyn3v@cornell.edu,Female,248.4.213.236
141,Polly,Scarffe,pscarffe3w@wired.com,Female,79.66.189.102
142,Jeri,Cayzer,jcayzer3x@facebook.com,Female,174.46.49.90
143,Caryl,Cana,ccana3y@pinterest.com,Male,145.53.0.223
144,Tedda,Guillotin,tguillotin3z@fc2.com,Female,70.148.106.198
145,Alastair,Bruce,abruce40@europa.eu,Male,248.239.214.208
146,Prissie,Petrovic,ppetrovic41@state.gov,Female,68.23.248.238
147,Mariele,Trammel,mtrammel42@mtv.com,Female,148.46.238.113
148,Georgianna,Canham,gcanham43@indiatimes.com,Female,148.77.140.172
149,Halie,Gregorace,hgregorace44@tripod.com,Female,150.48.242.154
150,Nikaniki,Adlam,nadlam45@bbc.co.uk,Female,176.222.33.169
151,Corette,Gammidge,cgammidge46@boston.com,Female,224.86.231.86
152,Arther,Landon,alandon47@examiner.com,Male,141.197.190.35
153,Ola,Chandlar,ochandlar48@narod.ru,Female,51.176.6.13
154,Madeline,Dorcey,mdorcey49@guardian.co.uk,Female,91.255.161.104
155,Ardelia,Flatley,aflatley4a@scribd.com,Female,248.245.38.175
156,Lissa,Tidey,ltidey4b@ed.gov,Female,2.243.172.56
157,Lothaire,Kender,lkender4c@state.gov,Male,183.176.78.67
158,Jimmy,Serman,jserman4d@walmart.com,Male,206.91.127.175
159,Mason,Logesdale,mlogesdale4e@thetimes.co.uk,Male,110.48.189.75
160,Northrop,Sidebottom,nsidebottom4f@senate.gov,Male,128.186.222.54
161,Gray,Korb,gkorb4g@merriam-webster.com,Male,190.94.150.125
162,Dari,Cruddace,dcruddace4h@eepurl.com,Female,34.18.167.220
163,Aileen,Theseira,atheseira4i@buzzfeed.com,Female,191.28.218.168
164,Jude,Arger,jarger4j@yellowbook.com,Male,39.2.79.121
165,Eba,Lease,elease4k@ca.gov,Female,181.211.80.9
166,Davey,Behnecke,dbehnecke4l@about.com,Male,202.31.102.252
167,Agretha,Jermey,ajermey4m@friendfeed.com,Female,44.140.189.146
168,Muire,De Roeck,mderoeck4n@domainmarket.com,Female,93.231.129.247
169,Moselle,Starmer,mstarmer4o@wunderground.com,Female,158.150.58.191
170,Ninnetta,Curado,ncurado4p@globo.com,Female,36.253.6.183
171,Richart,Elfitt,relfitt4q@theatlantic.com,Male,206.105.14.141
172,Rachel,Kinahan,rkinahan4r@constantcontact.com,Female,122.164.89.153
173,Alida,Edgeler,aedgeler4s@europa.eu,Female,96.53.15.88
174,Leona,Trayte,ltrayte4t@skyrock.com,Female,35.119.32.211
175,Jermayne,Oleszkiewicz,joleszkiewicz4u@redcross.org,Male,225.235.94.3
176,Pierre,Ligertwood,pligertwood4v@wisc.edu,Male,180.148.150.35
177,Lelia,Hanratty,lhanratty4w@fc2.com,Female,53.177.118.193
178,Marjy,Millmore,mmillmore4x@nytimes.com,Female,116.204.4.61
179,Giorgi,Baudassi,gbaudassi4y@miibeian.gov.cn,Male,105.21.228.176
180,Bealle,Trathen,btrathen4z@skype.com,Male,38.107.34.206
181,Celesta,Kob,ckob50@wix.com,Female,117.51.152.76
182,Binnie,Brunel,bbrunel51@stumbleupon.com,Female,75.109.110.36
183,Ronni,Dollard,rdollard52@cafepress.com,Female,36.60.160.67
184,Bobbe,Conaghan,bconaghan53@chron.com,Female,155.81.67.29
185,Frants,Iacomi,fiacomi54@multiply.com,Male,104.22.9.181
186,Karla,Coon,kcoon55@microsoft.com,Female,110.79.73.146
187,Vonnie,Candy,vcandy56@bizjournals.com,Female,37.25.145.14
188,Tito,Atrill,tatrill57@multiply.com,Male,66.244.208.14
189,Theresa,Clempton,tclempton58@guardian.co.uk,Female,225.15.73.30
190,Morey,Doohey,mdoohey59@sun.com,Male,199.69.162.0
191,Ax,Coot,acoot5a@hexun.com,Male,180.64.163.20
192,Marie-jeanne,Hancock,mhancock5b@opensource.org,Female,180.242.223.18
193,Stanislaw,Santino,ssantino5c@tinypic.com,Male,65.123.131.211
194,Antonius,Nibley,anibley5d@virginia.edu,Male,139.241.32.213
195,Kass,Ough,kough5e@ihg.com,Female,123.96.71.183
196,Diarmid,Cowx,dcowx5f@answers.com,Male,243.73.82.185
197,Ignace,Philipsson,iphilipsson5g@artisteer.com,Male,65.199.61.26
198,Cecily,Mashro,cmashro5h@guardian.co.uk,Female,221.103.171.58
199,Sonja,Poundford,spoundford5i@cbsnews.com,Female,75.6.45.254
200,Gloriana,MacAdie,gmacadie5j@washington.edu,Female,189.25.248.111
201,Atlanta,Roostan,aroostan5k@sun.com,Female,192.125.41.21
202,Fletch,Emmatt,femmatt5l@un.org,Male,244.164.60.126
203,Nessie,D'Hooge,ndhooge5m@flavors.me,Female,219.25.181.234
204,Gregoor,Edmed,gedmed5n@sbwire.com,Male,148.173.232.94
205,Tobin,Ivory,tivory5o@rakuten.co.jp,Male,160.240.59.159
206,Shoshanna,Lemonnier,slemonnier5p@un.org,Female,58.220.62.235
207,Dov,Maestro,dmaestro5q@shutterfly.com,Male,65.227.71.90
208,Amble,Hopkyns,ahopkyns5r@taobao.com,Male,164.43.101.201
209,Giselle,Kurdani,gkurdani5s@artisteer.com,Female,185.90.21.240
210,Graig,Tomisch,gtomisch5t@seesaa.net,Male,248.39.49.36
211,Adair,Tremmil,atremmil5u@uiuc.edu,Male,206.167.120.250
212,Elly,Colliber,ecolliber5v@epa.gov,Female,225.86.69.229
213,Ralf,Buick,rbuick5w@hatena.ne.jp,Male,193.222.205.69
214,Cookie,Dimitriades,cdimitriades5x@joomla.org,Female,87.72.194.78
215,Galen,Gerner,ggerner5y@reverbnation.com,Male,198.192.200.205
216,Riva,Aviss,raviss5z@nydailynews.com,Female,113.254.224.134
217,Vassily,Dunnet,vdunnet60@opensource.org,Male,232.50.8.35
218,Brandais,Tipper,btipper61@fc2.com,Female,202.226.88.111
219,Palmer,Kenealy,pkenealy62@thetimes.co.uk,Male,71.100.14.8
220,Prent,Bavester,pbavester63@elegantthemes.com,Male,162.239.12.99
221,Rooney,Soaper,rsoaper64@google.co.uk,Male,82.77.1.197
222,Genna,Mc Queen,gmcqueen65@surveymonkey.com,Female,38.60.11.90
223,Zilvia,Dilleston,zdilleston66@noaa.gov,Female,253.185.23.144
224,Hakim,Dumigan,hdumigan67@artisteer.com,Male,137.237.229.227
225,Randolph,Roarty,rroarty68@cloudflare.com,Male,217.124.211.36
226,Cheslie,Ferrao,cferrao69@oakley.com,Female,21.55.118.97
227,Tadeo,Suffe,tsuffe6a@barnesandnoble.com,Male,115.46.178.139
228,Rik,Harse,rharse6b@aol.com,Male,2.191.43.126
229,Marianna,Salmond,msalmond6c@ebay.com,Female,75.33.130.155
230,Fabien,Aizikovitz,faizikovitz6d@t.co,Male,39.148.176.175
231,Sylas,Marrian,smarrian6e@printfriendly.com,Male,202.179.249.175
232,Klemens,Klimowicz,kklimowicz6f@a8.net,Male,179.17.44.164
233,Randi,Bootherstone,rbootherstone6g@wisc.edu,Female,157.60.166.87
234,Teddy,Champkins,tchampkins6h@ca.gov,Male,242.29.144.132
235,Uriel,Braund,ubraund6i@cloudflare.com,Male,131.114.110.131
236,Gianina,Grevatt,ggrevatt6j@examiner.com,Female,14.100.142.66
237,Cacilie,Canfield,ccanfield6k@symantec.com,Female,49.191.140.123
238,Page,Yellowlea,pyellowlea6l@pcworld.com,Male,24.26.169.198
239,Callean,Aylwin,caylwin6m@addthis.com,Male,119.40.227.16
240,Ailene,Caplis,acaplis6n@cargocollective.com,Female,132.255.23.128
241,Jyoti,Amerighi,jamerighi6o@tamu.edu,Female,102.6.25.8
242,Cosimo,Prangle,cprangle6p@dagondesign.com,Male,99.110.142.35
243,Nicolas,Hune,nhune6q@twitter.com,Male,117.114.189.243
244,Tillie,Merryweather,tmerryweather6r@elpais.com,Female,208.1.77.40
245,Viv,Moulds,vmoulds6s@mit.edu,Female,251.176.48.0
246,Guillemette,Pele,gpele6t@opensource.org,Female,34.124.239.181
247,Zuzana,Clemas,zclemas6u@over-blog.com,Female,27.155.186.77
248,Cris,Pettigree,cpettigree6v@wired.com,Male,191.164.151.76
249,Jessy,Silverlock,jsilverlock6w@bloglines.com,Female,197.214.140.133
250,Jeno,Harkins,jharkins6x@yellowbook.com,Male,28.29.206.134
251,Anne-corinne,Beaman,abeaman6y@quantcast.com,Female,162.196.49.190
252,Janessa,Matskiv,jmatskiv6z@canalblog.com,Female,105.239.18.243
253,Sig,Ambroz,sambroz70@people.com.cn,Male,149.190.37.239
254,Emlyn,Littrick,elittrick71@purevolume.com,Male,107.26.89.131
255,Nariko,Hagergham,nhagergham72@devhub.com,Female,191.169.228.108
256,Tait,Rykert,trykert73@yahoo.co.jp,Male,239.150.224.75
257,Rustie,Mapledoore,rmapledoore74@eventbrite.com,Male,247.242.241.214
258,Lynsey,Regardsoe,lregardsoe75@biblegateway.com,Female,184.171.83.85
259,Dwayne,Dufoure,ddufoure76@shinystat.com,Male,154.44.71.92
260,Bridgette,Hauxby,bhauxby77@alexa.com,Female,3.59.36.212
261,Zackariah,Cristofanini,zcristofanini78@epa.gov,Male,8.27.196.211
262,Eadie,Gianasi,egianasi79@narod.ru,Female,59.51.209.144
263,Giustino,Lavelle,glavelle7a@wiley.com,Male,73.54.214.236
264,Elana,Lechmere,elechmere7b@abc.net.au,Female,34.163.26.50
265,Marna,Arp,marp7c@europa.eu,Female,75.209.234.93
266,Lance,Selland,lselland7d@telegraph.co.uk,Male,222.29.33.144
267,Eldridge,Currier,ecurrier7e@angelfire.com,Male,49.45.95.180
268,Thedric,Peyzer,tpeyzer7f@intel.com,Male,46.141.77.224
269,Booth,Champkins,bchampkins7g@xinhuanet.com,Male,72.217.40.9
270,Orelie,Caudwell,ocaudwell7h@xrea.com,Female,144.24.159.119
271,Theodoric,Bury,tbury7i@house.gov,Male,197.118.224.50
272,La verne,Darrigone,ldarrigone7j@fc2.com,Female,18.116.177.245
273,Madelle,Banyard,mbanyard7k@linkedin.com,Female,77.165.43.217
274,Ida,Greser,igreser7l@pbs.org,Female,91.12.141.110
275,Angie,Wippermann,awippermann7m@miibeian.gov.cn,Male,147.135.211.133
276,Amandi,Tomasoni,atomasoni7n@economist.com,Female,42.83.199.5
277,Harris,Comino,hcomino7o@weibo.com,Male,136.239.31.87
278,Torrance,McMichan,tmcmichan7p@cdc.gov,Male,3.187.126.195
279,Zulema,Shemelt,zshemelt7q@barnesandnoble.com,Female,237.209.230.92
280,Hadria,Mizzen,hmizzen7r@xinhuanet.com,Female,208.126.7.225
281,Auberta,Pye,apye7s@biblegateway.com,Female,207.135.109.203
282,Lamond,Brounsell,lbrounsell7t@elpais.com,Male,204.153.182.52
283,Bram,Jillett,bjillett7u@squarespace.com,Male,22.216.163.183
284,Zarla,Cookney,zcookney7v@earthlink.net,Female,63.198.2.50
285,Engelbert,Huntly,ehuntly7w@buzzfeed.com,Male,246.165.4.51
286,Linn,Campsall,lcampsall7x@1und1.de,Male,153.119.220.166
287,Danni,Bester,dbester7y@webnode.com,Female,207.195.34.197
288,Ethelin,Denisyev,edenisyev7z@engadget.com,Female,219.67.181.8
289,Jefferson,Hedde,jhedde80@wiley.com,Male,10.157.48.29
290,Olly,Manilove,omanilove81@house.gov,Female,229.154.92.49
291,Griselda,Ainsworth,gainsworth82@livejournal.com,Female,230.206.143.249
292,Roseanna,Leyzell,rleyzell83@stanford.edu,Female,23.164.33.174
293,Calley,Aberkirder,caberkirder84@trellian.com,Female,139.179.44.9
294,Tony,Birkenhead,tbirkenhead85@ed.gov,Female,238.161.216.91
295,Fritz,Semonin,fsemonin86@cbc.ca,Male,40.124.1.38
296,Gerome,Aggas,gaggas87@kickstarter.com,Male,234.21.19.179
297,Margot,Kubec,mkubec88@thetimes.co.uk,Female,245.209.148.1
298,Erich,Mullender,emullender89@mashable.com,Male,91.13.32.54
299,Willetta,Jeakins,wjeakins8a@nbcnews.com,Female,166.121.192.4
300,Emma,Antonucci,eantonucci8b@irs.gov,Female,62.17.240.229
301,Mycah,Broxton,mbroxton8c@senate.gov,Male,50.97.148.25
302,Deanne,Marquand,dmarquand8d@indiegogo.com,Female,144.200.110.17
303,Hubert,Schubert,hschubert8e@slashdot.org,Male,203.185.46.227
304,Keven,Bewly,kbewly8f@imgur.com,Male,192.116.94.18
305,Seth,Standring,sstandring8g@tripod.com,Male,241.239.32.255
306,Matty,Linklater,mlinklater8h@live.com,Male,36.209.61.40
307,Cozmo,Delort,cdelort8i@uol.com.br,Male,142.162.41.214
308,Elinor,Orrett,eorrett8j@mayoclinic.com,Female,200.101.27.247
309,Laney,Vannar,lvannar8k@census.gov,Male,105.133.199.115
310,Nanci,Blaxlande,nblaxlande8l@wisc.edu,Female,241.121.47.163
311,Adelheid,Fernan,afernan8m@google.pl,Female,205.224.171.75
312,Rosalyn,Shortland,rshortland8n@last.fm,Female,105.129.169.241
313,Emilio,Farley,efarley8o@oaic.gov.au,Male,227.65.10.77
314,Margy,Rutland,mrutland8p@yelp.com,Female,164.108.50.225
315,Darda,Ovens,dovens8q@devhub.com,Female,149.110.138.149
316,Terencio,Visick,tvisick8r@etsy.com,Male,95.120.159.35
317,Standford,France,sfrance8s@skyrock.com,Male,203.28.181.167
318,Lanae,Etherton,letherton8t@smh.com.au,Female,143.189.173.152
319,Arlin,Hasling,ahasling8u@privacy.gov.au,Male,100.159.62.157
320,Ursuline,Demonge,udemonge8v@washingtonpost.com,Female,192.139.220.86
321,Adolphe,Causnett,acausnett8w@jiathis.com,Male,229.93.107.55
322,Ward,Faldoe,wfaldoe8x@weebly.com,Male,73.3.18.171
323,Kendricks,Lowy,klowy8y@soup.io,Male,235.57.114.203
324,Lonny,McAlester,lmcalester8z@blogs.com,Male,102.175.67.221
325,Klaus,Tunnick,ktunnick90@cafepress.com,Male,33.142.0.196
326,Angele,McGrale,amcgrale91@ucla.edu,Female,54.193.32.208
327,Dolph,Caruth,dcaruth92@moonfruit.com,Male,6.129.13.232
328,Sinclare,Bowdrey,sbowdrey93@dropbox.com,Male,221.135.116.113
329,Melinde,Filinkov,mfilinkov94@zdnet.com,Female,104.63.103.129
330,Diena,Crosio,dcrosio95@vistaprint.com,Female,135.178.203.30
331,Nicolai,Palley,npalley96@networksolutions.com,Male,184.27.94.232
332,Rosita,Riccardi,rriccardi97@cam.ac.uk,Female,204.236.62.39
333,Meir,Verden,mverden98@patch.com,Male,155.9.230.93
334,Robb,FitzGibbon,rfitzgibbon99@jiathis.com,Male,250.174.155.185
335,Bernardina,Crossfeld,bcrossfeld9a@gizmodo.com,Female,208.148.231.81
336,Skip,Bright,sbright9b@so-net.ne.jp,Male,102.85.90.28
337,Page,Jossum,pjossum9c@blogtalkradio.com,Male,169.48.60.52
338,Brod,Feavers,bfeavers9d@tinypic.com,Male,219.106.108.3
339,Urson,Rase,urase9e@slideshare.net,Male,89.43.67.20
340,Rachel,MacArte,rmacarte9f@desdev.cn,Female,252.150.15.129
341,Ogdan,Christley,ochristley9g@privacy.gov.au,Male,149.233.165.240
342,Lockwood,Okenden,lokenden9h@microsoft.com,Male,77.203.105.185
343,Talia,Carette,tcarette9i@economist.com,Female,148.160.60.120
344,Stanislas,Geerling,sgeerling9j@mozilla.org,Male,250.236.173.76
345,Ezra,Stieger,estieger9k@globo.com,Male,95.22.65.196
346,Jeffy,Biaggioli,jbiaggioli9l@smh.com.au,Male,229.176.29.206
347,Courtenay,MacGruer,cmacgruer9m@sitemeter.com,Female,12.222.154.92
348,Teodora,Klimschak,tklimschak9n@nymag.com,Female,114.158.197.126
349,Merwyn,Belloch,mbelloch9o@diigo.com,Male,96.209.160.164
350,Florry,Pley,fpley9p@pen.io,Female,64.117.221.30
351,Sally,Petraitis,spetraitis9q@myspace.com,Female,50.238.162.111
352,Allard,Grint,agrint9r@tinypic.com,Male,97.217.7.171
353,Preston,Curtiss,pcurtiss9s@theatlantic.com,Male,69.11.254.224
354,Lorant,Aubry,laubry9t@prnewswire.com,Male,125.117.86.227
355,Fred,Ringham,fringham9u@liveinternet.ru,Female,82.66.155.110
356,Alethea,Bellon,abellon9v@cloudflare.com,Female,213.43.66.73
357,Tamma,Gittins,tgittins9w@linkedin.com,Female,224.33.159.30
358,Lara,Van Leijs,lvanleijs9x@addtoany.com,Female,218.240.53.47
359,Geoffry,Garbert,ggarbert9y@usgs.gov,Male,43.228.228.204
360,Agathe,Rozanski,arozanski9z@elegantthemes.com,Female,59.114.152.89
361,Brod,Coburn,bcoburna0@usgs.gov,Male,233.123.213.146
362,Hermia,Julyan,hjulyana1@google.com.br,Female,203.173.81.223
363,Eugen,Harron,eharrona2@youku.com,Male,69.174.216.244
364,Jock,Gouldthorp,jgouldthorpa3@bloglines.com,Male,99.82.104.251
365,Gwendolin,Pes,gpesa4@sphinn.com,Female,184.13.70.7
366,Koral,Funcheon,kfuncheona5@wikipedia.org,Female,76.132.201.38
367,Boote,Vsanelli,bvsanellia6@moonfruit.com,Male,224.111.62.105
368,Osmond,Backman,obackmana7@wisc.edu,Male,240.172.7.148
369,Trip,Eminson,teminsona8@trellian.com,Male,15.245.27.188
370,Clerkclaude,Scholey,cscholeya9@ask.com,Male,122.69.245.5
371,Tobias,Prester,tpresteraa@canalblog.com,Male,13.13.193.137
372,Ellsworth,Wibberley,ewibberleyab@economist.com,Male,250.84.145.83
373,Nikolaos,Hallgate,nhallgateac@amazon.com,Male,167.227.97.60
374,Rodolphe,Bebbington,rbebbingtonad@comsenz.com,Male,82.124.137.38
375,Merline,Ingall,mingallae@ibm.com,Female,215.133.100.210
376,Currie,Yanuk,cyanukaf@booking.com,Male,159.141.120.37
377,Alwyn,Edgeon,aedgeonag@ycombinator.com,Male,142.43.85.197
378,Hilliard,Fitton,hfittonah@dot.gov,Male,152.209.66.91
379,Emelita,O'Gorman,eogormanai@wp.com,Female,34.213.166.182
380,Jodie,Daniello,jdanielloaj@blogspot.com,Male,62.57.186.9
381,Hilliary,Bartolomeo,hbartolomeoak@mac.com,Female,196.120.206.34
382,Robert,Beminster,rbeminsteral@cafepress.com,Male,45.234.40.66
383,Rees,Braysher,rbraysheram@ebay.co.uk,Male,237.122.50.92
384,Hubert,Otson,hotsonan@seesaa.net,Male,37.25.236.131
385,Suzanna,Dunn,sdunnao@storify.com,Female,217.194.99.93
386,Manny,O'Hagirtie,mohagirtieap@imdb.com,Male,218.243.208.41
387,Katy,Swaite,kswaiteaq@kickstarter.com,Female,222.150.92.87
388,Olvan,Standon,ostandonar@dailymotion.com,Male,39.234.193.217
389,Briant,Reape,breapeas@php.net,Male,120.159.158.123
390,Cody,Aime,caimeat@so-net.ne.jp,Female,255.18.104.205
391,Broderic,Devonish,bdevonishau@pbs.org,Male,20.36.223.202
392,Felix,Chick,fchickav@stumbleupon.com,Male,95.123.235.108
393,Tess,King,tkingaw@europa.eu,Female,160.83.155.71
394,Gregg,Leil,gleilax@businessinsider.com,Male,21.153.180.17
395,Jeanna,Toupe,jtoupeay@github.com,Female,17.89.152.79
396,Bradney,Ryle,bryleaz@xing.com,Male,112.214.123.136
397,Talbert,Stronach,tstronachb0@skype.com,Male,249.154.66.88
398,Carine,Basnett,cbasnettb1@washington.edu,Female,166.238.31.152
399,Penelopa,Gillum,pgillumb2@cpanel.net,Female,125.200.113.128
400,Petey,Gyse,pgyseb3@technorati.com,Male,22.49.240.35
401,Chucho,Treleaven,ctreleavenb4@newyorker.com,Male,253.66.233.87
402,Whitman,Mullins,wmullinsb5@irs.gov,Male,215.12.64.176
403,Ferdinand,Sterricks,fsterricksb6@kickstarter.com,Male,200.57.89.211
404,Roman,Bote,rboteb7@ibm.com,Male,205.27.62.78
405,Lorraine,Brockman,lbrockmanb8@scribd.com,Female,67.113.0.125
406,Brittne,Rannald,brannaldb9@360.cn,Female,102.83.92.134
407,Clywd,Critoph,ccritophba@prnewswire.com,Male,239.194.165.18
408,Prinz,O'Lochan,polochanbb@businesswire.com,Male,126.50.2.215
409,Ernaline,Dunston,edunstonbc@bizjournals.com,Female,132.47.28.27
410,Carine,Arington,caringtonbd@aol.com,Female,226.27.71.196
411,Sloane,Graybeal,sgraybealbe@over-blog.com,Male,32.35.212.176
412,Nataline,Rigney,nrigneybf@webnode.com,Female,42.136.222.2
413,Bald,Dodds,bdoddsbg@posterous.com,Male,0.194.235.77
414,Jeannette,Ondra,jondrabh@wordpress.org,Female,58.182.69.56
415,Nicola,Swyndley,nswyndleybi@ucla.edu,Female,73.130.32.251
416,Allyn,Mitchiner,amitchinerbj@liveinternet.ru,Female,38.44.247.47
417,Freeman,Goffe,fgoffebk@google.it,Male,36.142.141.176
418,Jone,Northleigh,jnorthleighbl@ibm.com,Male,26.13.143.93
419,Abraham,Harp,aharpbm@dion.ne.jp,Male,147.249.7.17
420,Ofella,Hawley,ohawleybn@liveinternet.ru,Female,132.15.67.122
421,Millicent,Coalbran,mcoalbranbo@desdev.cn,Female,77.242.155.130
422,Barby,Challin,bchallinbp@technorati.com,Female,199.50.68.75
423,Helenelizabeth,Rippon,hripponbq@dion.ne.jp,Female,239.250.58.144
424,Corenda,Blindermann,cblindermannbr@berkeley.edu,Female,102.183.143.25
425,Karel,Schulkins,kschulkinsbs@yale.edu,Male,74.228.108.56
426,Tomas,Pilley,tpilleybt@mail.ru,Male,95.160.247.246
427,Amata,Klasen,aklasenbu@soup.io,Female,165.186.95.158
428,Florinda,Di Dello,fdidellobv@devhub.com,Female,171.75.236.95
429,Berkly,Millom,bmillombw@hc360.com,Male,75.23.24.89
430,Deirdre,Chetwind,dchetwindbx@wordpress.org,Female,57.13.76.21
431,Danice,Melluish,dmelluishby@xinhuanet.com,Female,250.95.11.182
432,Prescott,Marshfield,pmarshfieldbz@springer.com,Male,23.20.186.43
433,Rosita,Bromhead,rbromheadc0@purevolume.com,Female,224.23.45.10
434,Conni,Laity,claityc1@mlb.com,Female,61.237.197.126
435,Claudetta,Condict,ccondictc2@jigsy.com,Female,188.129.164.129
436,Cherry,Cornelius,ccorneliusc3@ow.ly,Female,88.79.54.250
437,Keary,Del Castello,kdelcastelloc4@g.co,Male,91.222.84.8
438,Thorvald,Waggitt,twaggittc5@123-reg.co.uk,Male,21.24.175.52
439,Tallie,Buston,tbustonc6@princeton.edu,Male,252.182.70.37
440,Aguistin,Klishin,aklishinc7@eepurl.com,Male,12.240.197.59
441,Zelig,Munks,zmunksc8@mozilla.org,Male,4.15.162.27
442,Skipton,Whall,swhallc9@w3.org,Male,122.110.82.195
443,Corbin,Walkey,cwalkeyca@ucoz.com,Male,72.116.126.225
444,Ely,Colleton,ecolletoncb@ezinearticles.com,Male,89.78.57.174
445,Gradey,Ovett,govettcc@fema.gov,Male,14.109.107.157
446,Janifer,Caltun,jcaltuncd@addthis.com,Female,195.144.245.109
447,Hanna,Rosenblatt,hrosenblattce@desdev.cn,Female,86.255.39.174
448,Donetta,Vollam,dvollamcf@marketwatch.com,Female,122.101.91.178
449,Kenon,Barkess,kbarkesscg@studiopress.com,Male,63.226.175.221
450,Den,Lias,dliasch@tamu.edu,Male,243.177.50.29
451,Blair,Wooddisse,bwooddisseci@java.com,Male,71.250.176.222
452,Frankie,Clows,fclowscj@businesswire.com,Male,37.146.250.8
453,Gaylord,O'Brallaghan,gobrallaghanck@blogspot.com,Male,247.74.71.41
454,Ellerey,Pablos,epabloscl@squarespace.com,Male,58.41.63.68
455,Liza,Cauldwell,lcauldwellcm@dropbox.com,Female,214.166.76.75
456,Annice,Casaletto,acasalettocn@google.pl,Female,185.181.233.60
457,Piper,Dumbare,pdumbareco@deviantart.com,Female,18.181.12.84
458,Bendix,Pignon,bpignoncp@nsw.gov.au,Male,250.18.114.92
459,Wallache,Pershouse,wpershousecq@wikipedia.org,Male,176.42.183.58
460,Vite,Dalgarnowch,vdalgarnowchcr@spotify.com,Male,251.126.174.217
461,Averyl,Phillipp,aphillippcs@jiathis.com,Female,12.246.1.202
462,Idell,Adcocks,iadcocksct@irs.gov,Female,101.225.206.255
463,Morgen,Trayhorn,mtrayhorncu@qq.com,Male,183.59.150.50
464,Pauletta,Synan,psynancv@blogtalkradio.com,Female,103.140.242.30
465,Leupold,Konerding,lkonerdingcw@typepad.com,Male,50.186.124.53
466,Patrice,Genn,pgenncx@zimbio.com,Male,50.115.49.86
467,Leona,Haime,lhaimecy@phoca.cz,Female,22.204.5.164
468,Doralynne,Treneman,dtrenemancz@printfriendly.com,Female,202.42.130.71
469,Odelle,Peasby,opeasbyd0@about.me,Female,192.195.252.52
470,Issiah,Pond-Jones,ipondjonesd1@123-reg.co.uk,Male,110.239.80.210
471,Howie,Jone,hjoned2@youku.com,Male,128.92.84.107
472,Rayner,Gosart,rgosartd3@uiuc.edu,Male,64.229.152.28
473,Bary,L' Anglois,blangloisd4@narod.ru,Male,95.210.250.75
474,Louise,Guihen,lguihend5@ucsd.edu,Female,171.80.150.184
475,Rockwell,Vennart,rvennartd6@addtoany.com,Male,220.121.140.175
476,Emiline,Pracy,epracyd7@cargocollective.com,Female,187.121.93.47
477,Germain,Qusklay,gqusklayd8@mapquest.com,Female,195.100.217.192
478,Vonnie,Raulston,vraulstond9@bloglovin.com,Female,22.50.194.223
479,Netta,Alpine,nalpineda@ft.com,Female,107.69.226.111
480,Harv,Serjeantson,hserjeantsondb@cocolog-nifty.com,Male,76.139.1.126
481,Hazlett,Rigmand,hrigmanddc@mapquest.com,Male,231.193.217.220
482,Jarrad,Brewse,jbrewsedd@dailymotion.com,Male,179.21.46.21
483,Aldric,Edel,aedelde@mlb.com,Male,242.223.199.140
484,Gaby,Gianolini,ggianolinidf@opensource.org,Female,255.58.16.43
485,Anselm,Trenholme,atrenholmedg@springer.com,Male,251.98.236.145
486,John,Quinnell,jquinnelldh@quantcast.com,Male,143.31.55.241
487,Rhoda,De Freitas,rdefreitasdi@eepurl.com,Female,247.159.158.127
488,Wildon,McGurk,wmcgurkdj@163.com,Male,138.164.67.90
489,Glenden,Server,gserverdk@phpbb.com,Male,190.188.202.137
490,Wileen,Glowach,wglowachdl@columbia.edu,Female,218.186.3.38
491,Averill,Fyall,afyalldm@t-online.de,Male,21.244.154.106
492,Corena,Leving,clevingdn@princeton.edu,Female,198.162.121.232
493,Leroy,Loveredge,lloveredgedo@sun.com,Male,176.228.116.35
494,Dillon,Auchinleck,dauchinleckdp@blog.com,Male,102.64.108.87
495,Daria,McCorrie,dmccorriedq@timesonline.co.uk,Female,51.146.178.68
496,Wakefield,Churches,wchurchesdr@merriam-webster.com,Male,140.193.194.47
497,Leila,Baughan,lbaughands@amazonaws.com,Female,228.10.179.202
498,Alisander,Besantie,abesantiedt@techcrunch.com,Male,149.95.95.30
499,Marylinda,Dewen,mdewendu@diigo.com,Female,123.18.207.31
500,Dix,Allabush,dallabushdv@nsw.gov.au,Female,92.112.12.190
501,Fenelia,Richmont,frichmontdw@weebly.com,Female,149.28.122.61
502,Tallie,Winton,twintondx@acquirethisname.com,Female,108.103.86.17
503,Nataniel,Ausiello,nausiellody@cnn.com,Male,122.42.182.120
504,Errol,Coy,ecoydz@elegantthemes.com,Male,191.127.134.204
505,Chaunce,Spellworth,cspellworthe0@kickstarter.com,Male,24.1.102.152
506,Iona,Haukey,ihaukeye1@desdev.cn,Female,221.249.223.237
507,Peg,Shone,pshonee2@weebly.com,Female,76.44.62.87
508,Fallon,Worswick,fworswicke3@51.la,Female,96.216.11.247
509,Omero,Edghinn,oedghinne4@ifeng.com,Male,218.99.5.94
510,Karon,McMechan,kmcmechane5@nba.com,Female,217.63.88.50
511,Akim,Hughlock,ahughlocke6@salon.com,Male,242.226.130.76
512,Cheslie,Janeczek,cjaneczeke7@merriam-webster.com,Female,192.157.72.131
513,Tremayne,Pietrasik,tpietrasike8@baidu.com,Male,155.78.86.37
514,Natalina,Ashleigh,nashleighe9@wordpress.org,Female,162.157.137.254
515,Betty,Birtley,bbirtleyea@samsung.com,Female,89.71.43.67
516,Lee,Meeke,lmeekeeb@plala.or.jp,Female,243.19.180.53
517,Ricky,Gracewood,rgracewoodec@quantcast.com,Male,47.188.44.72
518,Aeriell,Shippam,ashippamed@netvibes.com,Female,39.93.206.102
519,Raine,Richarson,rricharsonee@si.edu,Female,182.117.90.214
520,Nikki,Cowely,ncowelyef@engadget.com,Male,253.22.53.83
521,Ophelie,Summersby,osummersbyeg@phpbb.com,Female,167.221.184.118
522,Kincaid,Delaprelle,kdelaprelleeh@princeton.edu,Male,199.69.125.176
523,Wadsworth,Larrett,wlarrettei@nsw.gov.au,Male,133.175.79.185
524,Lambert,Anyene,lanyeneej@usgs.gov,Male,103.212.237.9
525,Sallee,Lohmeyer,slohmeyerek@xinhuanet.com,Female,122.78.19.86
526,Sanson,Plowright,splowrightel@pbs.org,Male,240.102.48.119
527,Deonne,Paddison,dpaddisonem@ox.ac.uk,Female,199.114.115.10
528,Hughie,Kinsman,hkinsmanen@quantcast.com,Male,190.221.68.17
529,Ivett,Haworth,ihawortheo@va.gov,Female,198.99.136.140
530,Patrizius,Warre,pwarreep@csmonitor.com,Male,109.30.31.19
531,Lynea,Broad,lbroadeq@umich.edu,Female,34.190.234.92
532,Pennie,Slinn,pslinner@elegantthemes.com,Male,167.86.105.199
533,Jessica,Birbeck,jbirbeckes@tinyurl.com,Female,203.155.55.112
534,Rollin,Mum,rmumet@dot.gov,Male,5.138.17.21
535,Merrick,Gionettitti,mgionettittieu@cam.ac.uk,Male,241.64.130.139
536,Levon,Bradfield,lbradfieldev@craigslist.org,Male,124.77.121.195
537,Jacobo,Farran,jfarranew@freewebs.com,Male,180.183.223.150
538,Issi,Yglesias,iyglesiasex@seattletimes.com,Female,177.69.215.95
539,Latashia,Grason,lgrasoney@fda.gov,Female,157.42.81.34
540,Emelia,Fasler,efaslerez@redcross.org,Female,222.199.222.195
541,Reggy,Michurin,rmichurinf0@nba.com,Male,57.223.118.65
542,Kippie,Gatley,kgatleyf1@marriott.com,Male,180.215.15.49
543,Susana,Cockerell,scockerellf2@vistaprint.com,Female,216.179.80.224
544,Dixie,Cearley,dcearleyf3@nyu.edu,Female,217.53.142.85
545,Agnesse,Agney,aagneyf4@ifeng.com,Female,215.80.214.177
546,Edy,Dyshart,edyshartf5@globo.com,Female,47.80.255.23
547,Saunders,Flatte,sflattef6@ibm.com,Male,63.33.243.117
548,Kimmy,Shilliday,kshillidayf7@trellian.com,Female,205.218.53.246
549,Patricia,Jeeves,pjeevesf8@dmoz.org,Female,134.233.87.56
550,Max,Hearsum,mhearsumf9@amazon.co.uk,Male,197.243.22.61
551,Solomon,McDermott-Row,smcdermottrowfa@whitehouse.gov,Male,137.113.87.95
552,Matilda,Cranney,mcranneyfb@myspace.com,Female,30.90.184.192
553,Demetre,Demare,ddemarefc@techcrunch.com,Male,35.24.4.135
554,Ferguson,Gabriely,fgabrielyfd@furl.net,Male,127.5.211.151
555,Raviv,Krystek,rkrystekfe@yale.edu,Male,237.28.44.106
556,Thorn,Dallison,tdallisonff@topsy.com,Male,238.190.61.203
557,Hi,Colling,hcollingfg@eepurl.com,Male,37.130.85.31
558,Bale,Fonzone,bfonzonefh@hugedomains.com,Male,64.50.104.118
559,Scarface,Elphick,selphickfi@ucoz.ru,Male,167.33.224.49
560,Emmeline,Allridge,eallridgefj@jiathis.com,Female,155.141.22.98
561,Danica,Calafate,dcalafatefk@people.com.cn,Female,145.116.107.231
562,Cymbre,d' Eye,cdeyefl@typepad.com,Female,56.29.85.118
563,Maisey,Abramow,mabramowfm@tumblr.com,Female,81.217.40.249
564,Way,Dowrey,wdowreyfn@examiner.com,Male,159.249.80.247
565,Micky,Barmby,mbarmbyfo@google.nl,Male,215.21.43.146
566,Marris,Wallenger,mwallengerfp@hexun.com,Female,249.136.162.175
567,Aldwin,Lintott,alintottfq@aol.com,Male,182.203.133.251
568,Dorree,Ewestace,dewestacefr@sohu.com,Female,213.177.77.55
569,Dacie,Althorp,dalthorpfs@cargocollective.com,Female,140.120.248.198
570,Benedetto,Merrywether,bmerrywetherft@themeforest.net,Male,245.168.140.179
571,Gwynne,Veelers,gveelersfu@wikia.com,Female,204.81.184.224
572,Vanny,Dudmesh,vdudmeshfv@over-blog.com,Female,102.84.112.130
573,Roxi,Tomas,rtomasfw@mashable.com,Female,232.97.207.133
574,Vito,Coltherd,vcoltherdfx@prnewswire.com,Male,252.166.154.2
575,Dehlia,Risman,drismanfy@cpanel.net,Female,200.29.206.92
576,Vasili,Gartside,vgartsidefz@disqus.com,Male,12.91.183.229
577,Charlean,Soal,csoalg0@flickr.com,Female,15.85.121.48
578,Kelsi,Frigout,kfrigoutg1@cocolog-nifty.com,Female,109.40.51.148
579,Bronson,Meletti,bmelettig2@sfgate.com,Male,224.50.223.99
580,Aldridge,Berthomier,aberthomierg3@istockphoto.com,Male,57.158.74.223
581,Ashlee,Larmouth,alarmouthg4@dell.com,Female,73.154.87.6
582,Cynthia,Pelling,cpellingg5@noaa.gov,Female,65.50.218.230
583,Clayton,Bolin,cboling6@princeton.edu,Male,91.105.66.128
584,Theodor,Euplate,teuplateg7@soundcloud.com,Male,18.168.134.135
585,Gerda,Benoey,gbenoeyg8@addtoany.com,Female,79.72.209.84
586,Thomasa,MacCarroll,tmaccarrollg9@opera.com,Female,128.117.167.9
587,Michal,Bearcock,mbearcockga@google.it,Female,9.180.124.57
588,Irita,Trever,itrevergb@go.com,Female,185.209.237.113
589,Pegeen,Bunclark,pbunclarkgc@umn.edu,Female,226.198.81.114
590,Heddie,Varndell,hvarndellgd@cnbc.com,Female,195.183.200.0
591,Isabelle,Whitney,iwhitneyge@tripod.com,Female,165.62.141.203
592,Maryjane,Darcy,mdarcygf@usnews.com,Female,85.18.66.48
593,Derron,Rowett,drowettgg@artisteer.com,Male,104.148.163.103
594,Earl,Pett,epettgh@cbslocal.com,Male,169.148.49.45
595,Janith,Agutter,jaguttergi@mashable.com,Female,45.224.225.4
596,Andriana,Howler,ahowlergj@unblog.fr,Female,156.167.120.41
597,Gaspar,Tremayle,gtremaylegk@yolasite.com,Male,221.107.54.231
598,Kristos,Gaffon,kgaffongl@netlog.com,Male,112.59.143.15
599,Amy,Fruchter,afruchtergm@deviantart.com,Female,61.38.199.24
600,Renard,Hansom,rhansomgn@un.org,Male,101.77.38.182
601,Raimund,Janaud,rjanaudgo@narod.ru,Male,166.61.59.184
602,Vivienne,Pennicard,vpennicardgp@hibu.com,Female,166.55.105.240
603,Devan,Gasnoll,dgasnollgq@ezinearticles.com,Female,81.204.78.117
604,Barclay,Harden,bhardengr@imgur.com,Male,65.70.174.214
605,Hewet,Atteridge,hatteridgegs@buzzfeed.com,Male,31.232.185.234
606,Enrico,Shattock,eshattockgt@seattletimes.com,Male,121.15.27.235
607,Dorotea,Purbrick,dpurbrickgu@cisco.com,Female,94.92.202.186
608,Granger,Goodee,ggoodeegv@latimes.com,Male,228.11.25.116
609,Julian,Haburne,jhaburnegw@lycos.com,Male,152.37.193.252
610,Alix,Conry,aconrygx@soup.io,Male,17.62.178.19
611,Denney,Ahmed,dahmedgy@tamu.edu,Male,83.27.213.20
612,Izabel,Exeter,iexetergz@state.gov,Female,163.105.202.72
613,Nikki,Please,npleaseh0@yellowpages.com,Male,190.149.20.10
614,Bess,Clue,bclueh1@jigsy.com,Female,207.205.47.5
615,Theresita,Stoddard,tstoddardh2@devhub.com,Female,21.110.121.175
616,Paulette,O'Keeffe,pokeeffeh3@sbwire.com,Female,219.37.101.37
617,Wade,Southernwood,wsouthernwoodh4@imgur.com,Male,152.83.66.210
618,Roddie,Lints,rlintsh5@sfgate.com,Male,178.144.59.11
619,Kilian,Finnimore,kfinnimoreh6@51.la,Male,245.69.155.121
620,Hermie,Hinksen,hhinksenh7@google.it,Male,159.214.100.66
621,Hillery,Dobell,hdobellh8@nature.com,Male,136.205.56.163
622,Gussie,Benbrick,gbenbrickh9@bloglines.com,Female,104.107.13.119
623,Riva,Helks,rhelksha@kickstarter.com,Female,84.140.48.220
624,Cassandry,Robley,crobleyhb@ucla.edu,Female,249.80.222.234
625,Blondy,Airdrie,bairdriehc@comcast.net,Female,160.50.85.194
626,Claude,Segebrecht,csegebrechthd@bloglovin.com,Female,85.144.145.250
627,Leroy,Yewdall,lyewdallhe@amazon.co.uk,Male,141.31.226.65
628,Randal,Ledley,rledleyhf@sourceforge.net,Male,77.96.87.72
629,Parry,Breinl,pbreinlhg@bigcartel.com,Male,120.210.71.118
630,Elliot,Chawkley,echawkleyhh@wufoo.com,Male,139.163.115.116
631,Korry,Voce,kvocehi@dailymotion.com,Female,204.190.143.176
632,Tiff,Arlet,tarlethj@epa.gov,Female,213.5.181.170
633,Tobias,Fetherstan,tfetherstanhk@networksolutions.com,Male,246.108.206.195
634,Klement,Chesterman,kchestermanhl@who.int,Male,220.152.156.56
635,Emlynn,McLay,emclayhm@1und1.de,Female,116.65.5.196
636,Joby,Finneran,jfinneranhn@hugedomains.com,Female,234.134.42.183
637,Amata,Sodor,asodorho@apple.com,Female,198.136.60.129
638,Jandy,Cesconi,jcesconihp@ovh.net,Female,126.147.1.174
639,Jere,Van der Velden,jvanderveldenhq@4shared.com,Female,85.132.4.26
640,Trudey,MacGillavery,tmacgillaveryhr@time.com,Female,218.76.36.200
641,Kelsey,De Marchi,kdemarchihs@toplist.cz,Female,221.45.26.242
642,Pascal,Campo,pcampoht@ocn.ne.jp,Male,141.105.31.19
643,Wilton,Choulerton,wchoulertonhu@cbc.ca,Male,244.188.16.235
644,Hyacinth,MacIlwrick,hmacilwrickhv@w3.org,Female,53.182.124.90
645,Joye,Culbard,jculbardhw@exblog.jp,Female,51.204.153.0
646,Jared,Mithon,jmithonhx@example.com,Male,157.83.177.254
647,Beverlee,Clucas,bclucashy@dagondesign.com,Female,179.222.40.35
648,Travis,Coats,tcoatshz@timesonline.co.uk,Male,0.217.108.141
649,Brook,Bouskill,bbouskilli0@cbsnews.com,Male,38.24.68.113
650,Evie,Mathys,emathysi1@wunderground.com,Female,172.97.66.210
651,Marigold,Braxay,mbraxayi2@hibu.com,Female,119.64.77.143
652,Baxter,Stile,bstilei3@amazonaws.com,Male,173.165.11.212
653,Cooper,Levet,cleveti4@army.mil,Male,27.194.8.176
654,Ranice,Wainwright,rwainwrighti5@freewebs.com,Female,40.235.148.237
655,Jakob,Bambury,jbamburyi6@webs.com,Male,199.182.106.221
656,Carola,Fielden,cfieldeni7@surveymonkey.com,Female,213.234.185.204
657,Brigham,Baudasso,bbaudassoi8@unicef.org,Male,208.111.12.102
658,Else,Hurd,ehurdi9@spiegel.de,Female,59.75.196.74
659,Elisha,Hayworth,ehayworthia@nature.com,Male,220.117.7.40
660,Traver,Rickman,trickmanib@lycos.com,Male,142.236.223.250
661,Annice,Froschauer,afroschaueric@admin.ch,Female,96.221.69.221
662,Audre,Balogh,abaloghid@state.gov,Female,136.77.168.198
663,Roseanna,MacDermot,rmacdermotie@feedburner.com,Female,139.159.95.108
664,Elysee,De Simone,edesimoneif@fema.gov,Female,49.79.134.161
665,Elisabeth,Schwandermann,eschwandermannig@mashable.com,Female,89.46.106.221
666,Wainwright,Alekseicik,walekseicikih@reuters.com,Male,137.71.38.68
667,Symon,Bottjer,sbottjerii@walmart.com,Male,87.80.7.158
668,Gilbertina,Shayes,gshayesij@buzzfeed.com,Female,224.183.116.23
669,Derk,Le Hucquet,dlehucquetik@mozilla.org,Male,50.194.38.78
670,Janette,Skellern,jskellernil@domainmarket.com,Female,245.221.109.32
671,Verene,Greenleaf,vgreenleafim@berkeley.edu,Female,200.155.41.255
672,Tootsie,Grazier,tgrazierin@cbsnews.com,Female,242.98.231.151
673,Olivia,Nevins,onevinsio@jigsy.com,Female,107.238.191.38
674,Mireielle,Veschambre,mveschambreip@mapquest.com,Female,202.35.40.165
675,Wynny,Royl,wroyliq@netscape.com,Female,38.10.150.98
676,Ede,Curteis,ecurteisir@state.tx.us,Female,43.215.248.49
677,Taite,Ream,treamis@technorati.com,Male,220.83.252.252
678,Pansie,Worton,pwortonit@networkadvertising.org,Female,88.226.95.107
679,Domenic,D'Errico,dderricoiu@freewebs.com,Male,0.123.22.102
680,Horten,Abelson,habelsoniv@cam.ac.uk,Male,213.144.94.249
681,Ravi,Withams,rwithamsiw@fastcompany.com,Male,219.215.200.153
682,Meaghan,Saville,msavilleix@prnewswire.com,Female,244.15.226.137
683,Catlaina,Whitewood,cwhitewoodiy@mlb.com,Female,191.109.105.122
684,Meredithe,Insoll,minsolliz@nasa.gov,Female,188.160.44.188
685,Nonnah,Gudgen,ngudgenj0@w3.org,Female,137.233.195.9
686,Giffy,Pocock,gpocockj1@addthis.com,Male,202.68.226.83
687,Laurella,MacCoveney,lmaccoveneyj2@independent.co.uk,Female,105.43.56.111
688,Freeman,Ratcliffe,fratcliffej3@i2i.jp,Male,128.47.26.78
689,Jefferey,Levensky,jlevenskyj4@elpais.com,Male,84.26.71.105
690,Will,Glading,wgladingj5@mit.edu,Male,171.40.154.101
691,Marena,Cammish,mcammishj6@zdnet.com,Female,180.179.80.239
692,Gillan,Menlove,gmenlovej7@friendfeed.com,Female,92.30.131.75
693,Peggi,Jelfs,pjelfsj8@1und1.de,Female,216.9.76.64
694,Catarina,Roney,croneyj9@mediafire.com,Female,94.1.204.141
695,Max,Skeemer,mskeemerja@networkadvertising.org,Male,41.13.207.80
696,Concordia,Gledstane,cgledstanejb@howstuffworks.com,Female,26.136.59.97
697,Analise,Hay,ahayjc@businessweek.com,Female,196.191.72.201
698,Debra,Eadmeades,deadmeadesjd@cnn.com,Female,1.243.206.172
699,Verne,Foran,vforanje@loc.gov,Male,62.110.147.137
700,Dominique,Ugoni,dugonijf@cargocollective.com,Female,124.197.1.175
701,Alida,Sancroft,asancroftjg@toplist.cz,Female,49.166.191.169
702,Albertine,Bearne,abearnejh@alexa.com,Female,249.47.157.38
703,Delmor,Goomes,dgoomesji@dailymail.co.uk,Male,166.246.148.147
704,Dalston,Coch,dcochjj@simplemachines.org,Male,18.255.98.70
705,Diane-marie,Hoggan,dhogganjk@acquirethisname.com,Female,162.101.130.7
706,Ripley,Gage,rgagejl@howstuffworks.com,Male,112.109.114.224
707,Justin,Rayment,jraymentjm@ft.com,Male,162.1.31.130
708,Harlie,O'Mailey,homaileyjn@ucoz.com,Female,242.255.70.41
709,Laurena,Broomhall,lbroomhalljo@discuz.net,Female,101.143.68.123
710,Christian,Cutts,ccuttsjp@shareasale.com,Male,34.57.214.94
711,Bald,Rouge,brougejq@shinystat.com,Male,130.70.68.218
712,Aeriel,Coaten,acoatenjr@toplist.cz,Female,89.160.192.99
713,De,Kimbly,dkimblyjs@addtoany.com,Female,31.74.139.136
714,Aveline,Eplate,aeplatejt@salon.com,Female,82.219.16.128
715,Joel,McComish,jmccomishju@independent.co.uk,Male,182.115.236.112
716,Neil,Trebble,ntrebblejv@sfgate.com,Male,222.78.79.221
717,Lindie,Meininger,lmeiningerjw@reddit.com,Female,176.180.136.228
718,Nicki,Ditter,nditterjx@patch.com,Female,49.237.235.146
719,Desiri,Roblin,droblinjy@un.org,Female,92.164.11.47
720,Marney,Gendricke,mgendrickejz@reference.com,Female,86.136.194.96
721,Berri,Pappi,bpappik0@github.com,Female,149.220.124.231
722,Davey,Kenlin,dkenlink1@state.tx.us,Male,38.47.12.2
723,Caddric,Garric,cgarrick2@state.tx.us,Male,73.38.218.51
724,Van,Renvoys,vrenvoysk3@china.com.cn,Male,89.107.221.69
725,Bamby,Ericssen,bericssenk4@loc.gov,Female,15.23.163.248
726,Waldemar,Morstatt,wmorstattk5@marketwatch.com,Male,105.210.46.150
727,Marrilee,Sealeaf,msealeafk6@wisc.edu,Female,104.51.207.96
728,Reggi,Mocher,rmocherk7@booking.com,Female,30.244.205.32
729,Barbabra,Dagon,bdagonk8@51.la,Female,117.91.55.94
730,Arlyne,Mulryan,amulryank9@imdb.com,Female,185.163.224.108
731,Gregor,Ivantyev,givantyevka@intel.com,Male,126.65.109.252
732,Kathryn,Huddle,khuddlekb@psu.edu,Female,196.246.68.39
733,Meghann,Benoix,mbenoixkc@livejournal.com,Female,211.8.164.16
734,Janella,Nutton,jnuttonkd@barnesandnoble.com,Female,52.201.159.201
735,Lyon,Degoix,ldegoixke@state.gov,Male,170.40.53.169
736,Kori,Sturrock,ksturrockkf@angelfire.com,Female,229.220.125.107
737,Silvester,De Blasiis,sdeblasiiskg@delicious.com,Male,91.116.88.142
738,Kliment,Welling,kwellingkh@printfriendly.com,Male,234.87.213.202
739,Bastien,Gregolin,bgregolinki@biblegateway.com,Male,239.5.196.173
740,Lesli,Oakenford,loakenfordkj@behance.net,Female,131.132.16.40
741,Derrick,Clare,dclarekk@a8.net,Male,1.50.22.96
742,Yehudi,Elsworth,yelsworthkl@phoca.cz,Male,129.88.5.237
743,Ramon,Davison,rdavisonkm@clickbank.net,Male,188.194.233.224
744,Torry,Godain,tgodainkn@stanford.edu,Male,86.239.176.172
745,Robbie,Guppey,rguppeyko@guardian.co.uk,Male,49.170.57.188
746,Ivett,Ledgley,iledgleykp@techcrunch.com,Female,128.26.98.239
747,Tessie,Garrelts,tgarreltskq@mlb.com,Female,161.230.195.147
748,Gabie,Walden,gwaldenkr@census.gov,Male,221.218.36.151
749,Kiele,Hardacre,khardacreks@salon.com,Female,223.252.40.251
750,Eran,Ketcher,eketcherkt@trellian.com,Female,157.65.244.9
751,Blaire,Atkins,batkinsku@bloglovin.com,Female,138.35.180.52
752,Jarrad,Brooker,jbrookerkv@canalblog.com,Male,12.150.88.22
753,Rad,Winslet,rwinsletkw@bizjournals.com,Male,89.162.241.139
754,Fanya,Pail,fpailkx@pcworld.com,Female,129.235.42.103
755,Minda,Kielty,mkieltyky@istockphoto.com,Female,138.28.109.163
756,Falkner,Brewis,fbrewiskz@harvard.edu,Male,249.130.248.148
757,Ham,Dopson,hdopsonl0@paypal.com,Male,154.174.195.45
758,Filia,Craigmile,fcraigmilel1@paypal.com,Female,72.91.101.228
759,Nikola,Candelin,ncandelinl2@mediafire.com,Male,43.177.99.253
760,Durante,Burndred,dburndredl3@noaa.gov,Male,60.77.131.111
761,Sutherland,Campaigne,scampaignel4@amazon.co.uk,Male,29.71.180.242
762,Mariya,Craigie,mcraigiel5@infoseek.co.jp,Female,207.205.214.186
763,Curr,Reichelt,creicheltl6@sina.com.cn,Male,222.224.141.229
764,Binnie,Quinney,bquinneyl7@angelfire.com,Female,190.243.188.5
765,Wilow,Avramow,wavramowl8@technorati.com,Female,155.186.241.235
766,Cosme,Mercey,cmerceyl9@seesaa.net,Male,109.3.247.221
767,Claiborne,Van den Velde,cvandenveldela@java.com,Male,51.116.81.23
768,Pascale,De Ambrosi,pdeambrosilb@mysql.com,Male,189.156.138.145
769,Kalle,Fulep,kfuleplc@woothemes.com,Male,80.31.36.58
770,Helaine,Climar,hclimarld@ucoz.ru,Female,98.65.107.73
771,Dore,Baudy,dbaudyle@earthlink.net,Female,209.100.162.91
772,Kristo,Dominey,kdomineylf@wikipedia.org,Male,91.25.72.156
773,Lizzie,Leisk,lleisklg@baidu.com,Female,28.231.55.79
774,Aldwin,Piletic,apileticlh@epa.gov,Male,23.9.174.177
775,Kellen,Bockings,kbockingsli@gmpg.org,Male,190.198.8.56
776,Tobie,Sanbrook,tsanbrooklj@dagondesign.com,Male,198.70.9.233
777,Judd,Glencross,jglencrosslk@youtube.com,Male,84.138.148.54
778,Mirabella,Dunbobin,mdunbobinll@jimdo.com,Female,223.46.181.27
779,Arnaldo,Goor,agoorlm@wp.com,Male,81.157.151.191
780,Pollyanna,Munt,pmuntln@tuttocitta.it,Female,110.199.207.37
781,Odessa,Rudd,oruddlo@ft.com,Female,75.13.11.66
782,Tamqrah,Lago,tlagolp@deviantart.com,Female,18.93.92.0
783,Godfry,Thornhill,gthornhilllq@google.co.jp,Male,155.31.53.72
784,Grant,Doorly,gdoorlylr@yolasite.com,Male,90.103.64.50
785,Ingunna,O'Boyle,ioboylels@bloglines.com,Female,180.53.163.69
786,Thomasina,MacDavitt,tmacdavittlt@ow.ly,Female,174.38.33.221
787,Lev,Stivey,lstiveylu@google.de,Male,14.229.78.175
788,Andrea,Vannet,avannetlv@123-reg.co.uk,Female,129.188.253.148
789,Jo ann,Tinson,jtinsonlw@bloglovin.com,Female,95.100.164.57
790,Genvieve,Norbury,gnorburylx@wikispaces.com,Female,50.171.61.73
791,Natasha,Rosthorn,nrosthornly@myspace.com,Female,61.16.66.204
792,Georas,Brenard,gbrenardlz@quantcast.com,Male,205.107.1.39
793,Hatti,Newey,hneweym0@elpais.com,Female,108.156.51.78
794,Tybalt,Hutable,thutablem1@google.es,Male,236.57.17.59
795,Sherwin,Bonhomme,sbonhommem2@google.co.jp,Male,28.77.180.202
796,Kayne,Mitcham,kmitchamm3@friendfeed.com,Male,166.237.82.254
797,Mable,Seckington,mseckingtonm4@sitemeter.com,Female,160.140.114.131
798,Nolan,Brandrick,nbrandrickm5@nationalgeographic.com,Male,246.133.254.226
799,Binky,Gobell,bgobellm6@disqus.com,Male,141.176.50.76
800,Cristiano,McGeffen,cmcgeffenm7@yellowbook.com,Male,76.41.99.203
801,Malorie,Rummings,mrummingsm8@spotify.com,Female,139.100.36.65
802,Angelique,Jopson,ajopsonm9@jalbum.net,Female,85.93.127.110
803,Remus,Clench,rclenchma@odnoklassniki.ru,Male,135.242.21.5
804,Maximilien,Kingerby,mkingerbymb@slideshare.net,Male,76.64.14.2
805,Moises,Twyford,mtwyfordmc@soundcloud.com,Male,107.38.43.27
806,Jefferey,Wilflinger,jwilflingermd@baidu.com,Male,12.10.226.75
807,Teena,Titta,ttittame@comsenz.com,Female,228.112.18.40
808,Tully,Bielfeld,tbielfeldmf@sciencedirect.com,Male,26.153.129.227
809,Phedra,Pittman,ppittmanmg@globo.com,Female,183.149.22.134
810,Beverlie,Szreter,bszretermh@google.com.hk,Female,187.254.46.223
811,Trixi,Perrett,tperrettmi@ameblo.jp,Female,47.217.134.17
812,Taylor,Lghan,tlghanmj@imdb.com,Male,65.139.99.136
813,Aliza,Davidy,adavidymk@phoca.cz,Female,197.63.203.21
814,Kristine,Willavize,kwillavizeml@nytimes.com,Female,18.171.165.196
815,Elva,Matzen,ematzenmm@hostgator.com,Female,21.134.137.85
816,Sammy,Toffolo,stoffolomn@desdev.cn,Male,253.14.220.58
817,Enos,Slowgrove,eslowgrovemo@1688.com,Male,71.171.21.74
818,Cooper,Eddins,ceddinsmp@odnoklassniki.ru,Male,51.36.116.140
819,Mendel,Sharp,msharpmq@yolasite.com,Male,124.80.254.48
820,Datha,Sirey,dsireymr@privacy.gov.au,Female,39.175.1.205
821,Afton,Swan,aswanms@examiner.com,Female,137.180.189.240
822,Wendie,Stogill,wstogillmt@toplist.cz,Female,66.33.229.172
823,Lenore,Najera,lnajeramu@merriam-webster.com,Female,66.60.169.148
824,Hewie,Merriman,hmerrimanmv@comcast.net,Male,145.136.88.198
825,Vita,Sirr,vsirrmw@gizmodo.com,Female,140.168.43.41
826,Martita,Danilov,mdanilovmx@blogspot.com,Female,171.108.141.119
827,Lanna,Sharman,lsharmanmy@pen.io,Female,73.188.120.125
828,Vernon,Vallantine,vvallantinemz@linkedin.com,Male,186.177.93.72
829,Shelley,Heindrich,sheindrichn0@fda.gov,Female,87.216.96.28
830,Axe,Yarmouth,ayarmouthn1@businessweek.com,Male,234.244.113.112
831,Durward,Queen,dqueenn2@bloomberg.com,Male,254.58.3.58
832,Melamie,Manston,mmanstonn3@goo.gl,Female,156.51.228.95
833,Wait,Lambirth,wlambirthn4@t.co,Male,66.84.67.231
834,Emmalee,Duffil,eduffiln5@simplemachines.org,Female,41.28.89.101
835,Luigi,Nissle,lnisslen6@usa.gov,Male,131.57.156.168
836,Lothario,Dymock,ldymockn7@feedburner.com,Male,34.158.31.185
837,Hazel,Ranyard,hranyardn8@purevolume.com,Male,224.220.97.147
838,Ardelia,Ferrai,aferrain9@uol.com.br,Female,232.66.51.143
839,Marshal,Jiran,mjiranna@engadget.com,Male,165.85.14.91
840,Sydelle,Millichip,smillichipnb@hubpages.com,Female,152.24.160.167
841,Pail,Gregory,pgregorync@paypal.com,Male,118.231.126.80
842,Aldo,Bielfeld,abielfeldnd@blog.com,Male,231.119.206.255
843,Danny,Salkeld,dsalkeldne@symantec.com,Female,85.178.221.49
844,Roda,Kunzler,rkunzlernf@forbes.com,Female,203.90.214.45
845,Tiphani,Conybear,tconybearng@washington.edu,Female,105.184.24.230
846,Crichton,Roskrug,croskrugnh@typepad.com,Male,94.241.240.248
847,Ashla,Futcher,afutcherni@unicef.org,Female,38.61.94.133
848,Rollins,Houson,rhousonnj@addtoany.com,Male,11.2.244.202
849,Romola,Turle,rturlenk@census.gov,Female,119.10.95.150
850,Ysabel,Tithecott,ytithecottnl@qq.com,Female,226.140.149.30
851,Tamqrah,Pacher,tpachernm@blog.com,Female,183.230.48.77
852,Deloris,Lau,dlaunn@archive.org,Female,44.165.169.90
853,Ossie,Galliford,ogallifordno@usatoday.com,Male,252.125.228.75
854,Con,Hayley,chayleynp@addtoany.com,Male,62.21.6.201
855,Asia,Cathrae,acathraenq@example.com,Female,202.248.216.226
856,Fianna,Paybody,fpaybodynr@mozilla.org,Female,59.163.18.42
857,Vevay,Sperski,vsperskins@soup.io,Female,170.248.26.217
858,Ferris,Ludl,fludlnt@eepurl.com,Male,28.237.230.51
859,Melisse,Fearneley,mfearneleynu@yellowpages.com,Female,22.195.56.70
860,Page,Gasnoll,pgasnollnv@surveymonkey.com,Male,179.24.58.120
861,Bar,De L'Isle,bdelislenw@ca.gov,Male,247.80.88.79
862,Dwight,McCoy,dmccoynx@studiopress.com,Male,180.59.4.175
863,Otto,McIlvaney,omcilvaneyny@theglobeandmail.com,Male,232.43.45.26
864,Elbertine,Kleingrub,ekleingrubnz@squidoo.com,Female,29.70.119.239
865,Wells,Hawley,whawleyo0@wordpress.com,Male,74.194.3.203
866,Bale,Hamblyn,bhamblyno1@xing.com,Male,38.150.66.125
867,Clarey,Callander,ccallandero2@typepad.com,Female,252.202.103.204
868,Lorne,Oxtarby,loxtarbyo3@booking.com,Female,93.116.214.61
869,Archer,Suthren,asuthreno4@facebook.com,Male,171.171.172.87
870,Kingston,Hedau,khedauo5@themeforest.net,Male,65.253.101.177
871,Seymour,Calbreath,scalbreatho6@cpanel.net,Male,184.52.151.238
872,Crysta,Shackesby,cshackesbyo7@wikispaces.com,Female,49.118.240.187
873,Mireielle,Endecott,mendecotto8@facebook.com,Female,178.117.228.89
874,Skelly,Orable,sorableo9@ask.com,Male,169.35.109.71
875,Skye,Dakers,sdakersoa@vinaora.com,Male,131.4.63.5
876,Chance,Buff,cbuffob@usnews.com,Male,3.230.153.177
877,Pierette,Peiro,ppeirooc@histats.com,Female,65.105.23.60
878,Gerrard,Jaegar,gjaegarod@statcounter.com,Male,234.120.111.147
879,Peder,Winney,pwinneyoe@fotki.com,Male,221.60.92.11
880,Terrijo,Jolliman,tjollimanof@flavors.me,Female,40.144.152.44
881,Fran,Shrieve,fshrieveog@mac.com,Female,79.59.204.224
882,Grissel,Tompkin,gtompkinoh@google.com,Female,133.182.81.36
883,Darby,Natalie,dnatalieoi@wikimedia.org,Female,114.187.77.49
884,Vanda,Benzing,vbenzingoj@icq.com,Female,28.172.110.247
885,Douglass,Goad,dgoadok@independent.co.uk,Male,163.59.54.249
886,Fredek,Goodbar,fgoodbarol@twitter.com,Male,203.1.9.45
887,Roosevelt,Kaming,rkamingom@google.de,Male,52.78.77.124
888,Thorin,Jarrell,tjarrellon@dell.com,Male,0.10.212.87
889,Lorry,Garioch,lgariochoo@bluehost.com,Female,194.253.10.60
890,Novelia,Knotte,nknotteop@java.com,Female,238.200.185.224
891,Jandy,Geraldez,jgeraldezoq@usda.gov,Female,203.118.146.70
892,Yehudit,Gotobed,ygotobedor@photobucket.com,Male,193.51.0.240
893,Alix,Jurick,ajurickos@ucoz.ru,Female,37.96.65.129
894,Olly,Stannah,ostannahot@webs.com,Female,111.160.142.19
895,Marlane,Bullock,mbullockou@privacy.gov.au,Female,179.203.120.98
896,Dodie,Wagge,dwaggeov@abc.net.au,Female,12.128.205.233
897,Kingsley,Harragin,kharraginow@washingtonpost.com,Male,196.55.148.212
898,Alli,Reavey,areaveyox@walmart.com,Female,57.178.57.34
899,Daffie,Ginner,dginneroy@blog.com,Female,22.179.65.134
900,Joella,Dubose,jduboseoz@bing.com,Female,99.31.214.124
901,Nessie,Pargeter,npargeterp0@youtube.com,Female,85.140.194.171
902,Alfonso,Charopen,acharopenp1@technorati.com,Male,118.231.143.12
903,Drona,Chastey,dchasteyp2@cnn.com,Female,226.43.71.113
904,Minda,Duckels,mduckelsp3@nhs.uk,Female,104.39.81.226
905,Lorrayne,Parratt,lparrattp4@yolasite.com,Female,178.96.177.137
906,Wadsworth,Mellish,wmellishp5@gravatar.com,Male,162.40.200.201
907,Minta,Bradnock,mbradnockp6@devhub.com,Female,5.226.40.236
908,Inness,Handrok,ihandrokp7@wikimedia.org,Male,215.192.143.179
909,Filide,Levens,flevensp8@symantec.com,Female,159.157.249.19
910,Cristi,Piken,cpikenp9@about.me,Female,31.171.212.32
911,Ninette,Conlaund,nconlaundpa@wikispaces.com,Female,123.36.240.143
912,Beatrice,Kinnen,bkinnenpb@cnet.com,Female,229.93.231.97
913,Mill,Moran,mmoranpc@admin.ch,Male,192.177.177.62
914,Rodrique,Purkis,rpurkispd@arizona.edu,Male,187.188.100.171
915,Ignace,Ligoe,iligoepe@github.io,Male,186.96.19.170
916,Leeanne,Ringrose,lringrosepf@abc.net.au,Female,71.7.215.255
917,Casey,Rumble,crumblepg@gizmodo.com,Male,67.13.146.162
918,Fania,Body,fbodyph@comsenz.com,Female,99.9.163.51
919,Kimberley,Brimley,kbrimleypi@tripadvisor.com,Female,21.141.79.75
920,Blancha,Bernhardi,bbernhardipj@ibm.com,Female,12.106.22.96
921,Cathrine,Broadfield,cbroadfieldpk@blog.com,Female,107.115.127.77
922,Guthrey,Beauchamp,gbeauchamppl@com.com,Male,218.171.253.143
923,Marie-jeanne,Spreull,mspreullpm@nytimes.com,Female,143.47.112.192
924,Tybi,Norridge,tnorridgepn@bloglovin.com,Female,208.108.188.133
925,Ignazio,Pessolt,ipessoltpo@surveymonkey.com,Male,112.20.94.85
926,Koral,Bruckent,kbruckentpp@github.io,Female,105.249.95.74
927,Heywood,Galfour,hgalfourpq@huffingtonpost.com,Male,109.25.51.16
928,Sibella,Rowdell,srowdellpr@istockphoto.com,Female,94.17.234.83
929,Guss,Heinrici,gheinricips@seattletimes.com,Male,73.86.42.1
930,Chlo,Metschke,cmetschkept@soundcloud.com,Female,234.140.247.54
931,Blondie,Russe,brussepu@examiner.com,Female,162.84.98.191
932,Johnnie,Ripper,jripperpv@about.com,Male,132.198.144.114
933,Brigham,Rider,briderpw@cbsnews.com,Male,175.133.53.130
934,Estrella,Glenn,eglennpx@slideshare.net,Female,214.147.95.46
935,Garret,Helwig,ghelwigpy@shutterfly.com,Male,187.167.118.197
936,Roshelle,Mapplethorpe,rmapplethorpepz@google.com.au,Female,147.86.28.27
937,Hastings,Duffield,hduffieldq0@hud.gov,Male,204.251.143.177
938,Onfre,McAlister,omcalisterq1@instagram.com,Male,13.254.207.18
939,Lorene,Stebles,lsteblesq2@cyberchimps.com,Female,67.12.73.4
940,Vivianne,Leedes,vleedesq3@cloudflare.com,Female,29.230.108.29
941,Serge,Oswal,soswalq4@discovery.com,Male,15.183.154.98
942,Odetta,Faughey,ofaugheyq5@indiatimes.com,Female,165.195.243.146
943,Lyndy,Gianni,lgianniq6@abc.net.au,Female,135.99.181.106
944,Horace,Considine,hconsidineq7@accuweather.com,Male,177.216.3.65
945,Milly,Ormes,mormesq8@businesswire.com,Female,137.38.133.191
946,Harriot,Figgs,hfiggsq9@admin.ch,Female,191.144.129.94
947,Immanuel,Ketteringham,iketteringhamqa@senate.gov,Male,123.106.233.173
948,Oswald,Hallyburton,ohallyburtonqb@yale.edu,Male,248.176.175.145
949,Dorree,Gulc,dgulcqc@stumbleupon.com,Female,133.213.201.108
950,Fran,Whardley,fwhardleyqd@yelp.com,Male,237.252.77.28
951,Glori,Castro,gcastroqe@stanford.edu,Female,179.190.179.53
952,Starlene,Westoll,swestollqf@unesco.org,Female,74.104.94.170
953,Brynn,Jentin,bjentinqg@posterous.com,Female,61.47.175.153
954,Moreen,Dockwray,mdockwrayqh@nhs.uk,Female,228.253.84.214
955,Eleanora,Skitt,eskittqi@de.vu,Female,250.74.232.91
956,Bibbye,Udie,budieqj@patch.com,Female,171.183.138.154
957,Natka,Druery,ndrueryqk@businesswire.com,Female,142.72.132.99
958,Meyer,Lamp,mlampql@addtoany.com,Male,196.153.54.196
959,Hadlee,Aleixo,haleixoqm@exblog.jp,Male,136.28.234.242
960,Laura,Widmoor,lwidmoorqn@people.com.cn,Female,207.49.116.95
961,Torie,Cracker,tcrackerqo@csmonitor.com,Female,213.4.61.226
962,Crysta,Lomath,clomathqp@google.pl,Female,42.102.128.201
963,Mariquilla,Malyan,mmalyanqq@webnode.com,Female,206.159.222.126
964,Gill,Brenneke,gbrennekeqr@de.vu,Male,176.196.63.135
965,Rabbi,Gatward,rgatwardqs@paypal.com,Male,211.203.16.117
966,Gabrielle,Monard,gmonardqt@sitemeter.com,Female,104.244.228.210
967,Burk,Poles,bpolesqu@plala.or.jp,Male,11.245.196.106
968,Ansley,Oxford,aoxfordqv@seesaa.net,Female,101.217.0.10
969,Darleen,Dampney,ddampneyqw@cocolog-nifty.com,Female,100.224.246.76
970,Lionello,Signoret,lsignoretqx@github.com,Male,66.41.127.36
971,Sim,Laherty,slahertyqy@ustream.tv,Male,76.250.97.160
972,Ethe,Pimlock,epimlockqz@netvibes.com,Male,56.58.37.248
973,Shell,Mogford,smogfordr0@cdc.gov,Male,16.165.76.234
974,Sibella,Paragreen,sparagreenr1@posterous.com,Female,91.179.156.104
975,Jessalin,Pendrey,jpendreyr2@google.com.hk,Female,6.193.27.3
976,Kaycee,Cesaric,kcesaricr3@tinypic.com,Female,152.100.81.241
977,Timmy,Badwick,tbadwickr4@state.gov,Male,56.38.38.117
978,Joly,Wharrier,jwharrierr5@360.cn,Female,135.182.251.73
979,Thurstan,Kremer,tkremerr6@dyndns.org,Male,65.77.115.170
980,Adan,Metcalfe,ametcalfer7@nyu.edu,Male,62.60.14.213
981,Sibella,Feetham,sfeethamr8@scientificamerican.com,Female,195.64.196.98
982,Lesley,Fealty,lfealtyr9@nytimes.com,Male,234.55.246.26
983,Ruthann,Cawthera,rcawtherara@parallels.com,Female,84.39.194.234
984,Bryn,De Hooch,bdehoochrb@infoseek.co.jp,Male,67.255.18.84
985,Serena,Durnall,sdurnallrc@accuweather.com,Female,2.79.30.21
986,Ronalda,MacCrackan,rmaccrackanrd@goo.ne.jp,Female,225.204.16.150
987,Horst,Galliver,hgalliverre@smh.com.au,Male,73.106.103.26
988,Rochester,Obee,robeerf@bloomberg.com,Male,126.129.101.132
989,Say,Bru,sbrurg@amazon.co.jp,Male,185.201.240.250
990,Federica,Stelle,fstellerh@reddit.com,Female,117.2.251.70
991,Hubie,Pinfold,hpinfoldri@ifeng.com,Male,192.254.89.8
992,Ailis,Durbann,adurbannrj@sourceforge.net,Female,171.174.56.14
993,Jemimah,Mountcastle,jmountcastlerk@ebay.com,Female,245.192.83.67
994,Lisha,Aireton,lairetonrl@cnet.com,Female,92.3.245.237
995,Harris,Grogan,hgroganrm@squidoo.com,Male,84.208.135.67
996,Parke,L'Hommeau,plhommeaurn@symantec.com,Male,115.69.243.37
997,Caria,Vipan,cvipanro@ucoz.com,Female,38.183.157.188
998,Lanny,Comport,lcomportrp@berkeley.edu,Male,207.170.27.79
999,Georgette,Clampin,gclampinrq@spotify.com,Female,171.129.174.13
1000,Danette,Corser,dcorserrr@irs.gov,Female,125.48.248.196
